id,created_at,text
859616922190700545,2017-05-03 03:53:39,"b'RT @TomBodett: The wife and I came up with an agreement to fund the household until Sept, avoiding a shutdown. The solution: keep working a\xe2\x80\xa6'"
856155195440586752,2017-04-23 14:37:59,"b'@jchaltiwanger Meanwhile, they push Christian Sharia upon everyone else'"
856155015794360320,2017-04-23 14:37:17,"b""RT @dog_rates: Here's a puppo participating in the #ScienceMarch. Cleverly disguising her own doggo agenda. 13/10 would keep the planet hab\xe2\x80\xa6"""
856154841504206849,2017-04-23 14:36:35,"b'RT @mbeckler: ""This march would be twice as big if the control group didn\'t have to stay home""'"
855479208033824768,2017-04-21 17:51:51,"b'@tedlieu I hold that position and want to get paid for it,  where do I sign up?'"
853451090540494849,2017-04-16 03:32:50,"b'@TomBodett Next year, there will be a visible sliver labeled ""45\'s trips to Mar-A-Lago""'"
852532782731538432,2017-04-13 14:43:49,b'@emkaymitty @Hermetiaillucen @GeorgeTakei Every other passenger on the plane except two refused to take offers. He\xe2\x80\xa6 https://t.co/tiq4yTkfRL'
847079439062241280,2017-03-29 13:34:10,b'@jchaltiwanger I think we should move her outside the whitehouse.'
847078819123134464,2017-03-29 13:31:43,"b""RT @paulapoundstone: I've been going on websites, and looking up stuff that I don't care about in order to throw marketing profilers off my\xe2\x80\xa6"""
843302119495077893,2017-03-19 03:24:27,"b'RT @SwedishCanary: One day I want a woman to look at me and say, ""that\'s him, he\'s the one"" and not follow it by, ""who ate all the donuts""'"
842903974667833345,2017-03-18 01:02:22,"b""I just earned the 'Riding Steady' badge on @untappd! https://t.co/XpAvmNnG7x"""
842903831121985540,2017-03-18 01:01:48,"b""I just earned the 'St. Patrick's Day (2017)' badge on @untappd! https://t.co/APsbNSHdyC #stpaddy"""
835524707722100736,2017-02-25 16:19:48,"b'@petersagal looks more like, ""Damnit, stymied again!""'"
831301650031706113,2017-02-14 00:38:52,"b'@ASchreiber when you figure it out, let me know!'"
830588394002587648,2017-02-12 01:24:39,"b""I just earned the 'Fields of Gold' badge on @untappd! https://t.co/9KSESOE9wi"""
830588227790729216,2017-02-12 01:23:59,"b""I just earned the 'Land of the Free  (Level 19)' badge on @untappd! https://t.co/rXV8UWGOek"""
830588222807867393,2017-02-12 01:23:58,"b""I just earned the 'Bar Explorer (Level 12)' badge on @untappd! https://t.co/ZzKJkKfaOi"""
830588218135412741,2017-02-12 01:23:57,"b""I just earned the 'Artisan' badge on @untappd! https://t.co/88uCyIyq3N"""
827180825934434304,2017-02-02 15:44:11,b'RT @NPRinskeep: Worth reading these 19 tweets from an outstanding reporter. https://t.co/c2rvOuYDe6'
826215340849917952,2017-01-30 23:47:42,"b'RT @AP: BREAKING: Acting attorney general says Justice Department, under her watch, will not defend refugee executive order in court.'"
826211528613433344,2017-01-30 23:32:33,b'RT @danWorthington: Read the words on the ticker. https://t.co/BkFf97Qa5W'
826209760378773507,2017-01-30 23:25:31,"b'RT @RoguePOTUSStaff: Suspicion that Bannon urging POTUS to egg on protests, then call in National Guard to disperse, as demonstration of po\xe2\x80\xa6'"
826208853066907652,2017-01-30 23:21:55,"b'RT @SenSanders: On virtually every major issue, Trump represents a minority of Americans. Our job now is to bring the majority together and\xe2\x80\xa6'"
826208569204830210,2017-01-30 23:20:47,b'RT @AltYelloNatPark: Please take the time to read this important message. https://t.co/esMxhKlWiB'
825677141832585216,2017-01-29 12:09:05,b'@morninggloria @KyrieMeMo only if their mother was native-born. #45 hates anchor babies too'
825447131423109122,2017-01-28 20:55:06,"b""I just earned the 'Wheel of Styles (Level 2)' badge on @untappd! https://t.co/R7JycxqRpn"""
825447122166247425,2017-01-28 20:55:04,"b""I just earned the 'Photogenic Brew (Level 2)' badge on @untappd! https://t.co/jp3kMHHYlf"""
824941770421182466,2017-01-27 11:26:59,"b'RT @VicenteFoxQue: @ajplus @DeniseDresserG trump, I want to see your tax returns\xc2\xa1\xc2\xa1 Maybe not paying taxes will be enough for you to pay the\xe2\x80\xa6'"
824941656067678208,2017-01-27 11:26:32,"b""RT @VicenteFoxQue: @realDonaldTrump, M\xc3\xa9xico won't pay for your wall. You say that America won't neither. Then who's left? It's you and your\xe2\x80\xa6"""
824941482670964740,2017-01-27 11:25:50,"b""RT @VicenteFoxQue: @realDonaldTrump's ego monument real cost is around 25 billion USD. I ask you, America, what would you prefer instead of\xe2\x80\xa6"""
824734475309449217,2017-01-26 21:43:16,"b""RT @matthaig1: Donald Trump thinks all Muslims should apologise for terrorism. So on behalf of non-Muslim people I'd like to apologise for\xe2\x80\xa6"""
824349901018505217,2017-01-25 20:15:06,"b'RT @amyharvard_: Damn, Anne Frank Center went at it. \xf0\x9f\x91\x8f\xf0\x9f\x8f\xbb\xf0\x9f\x91\x8f\xf0\x9f\x8f\xbc\xf0\x9f\x91\x8f\xf0\x9f\x8f\xbd\xf0\x9f\x91\x8f\xf0\x9f\x8f\xbe\xf0\x9f\x91\x8f\xf0\x9f\x8f\xbf #NoBanNoWall https://t.co/trkPu7mWp5'"
824343973619781638,2017-01-25 19:51:33,"b'RT @WhySharksMatter: Trump officials suspend plan to delete EPA climate web pages https://t.co/yFpANQhpzH ""Reversal comes after media atten\xe2\x80\xa6'"
824291005679759360,2017-01-25 16:21:04,"b""@MikeDrucker @LordSteve wouldn't it be hilarious if it invalidated his own election?"""
824280607043842051,2017-01-25 15:39:45,"b'@eevblog if power was off and they fully dry, why not?'"
824278791589658624,2017-01-25 15:32:32,"b""@jchaltiwanger I oppose Trump; but I didn't lose https://t.co/pFOn24h8sW"""
824269827997106177,2017-01-25 14:56:55,b'@jchaltiwanger God forbid the VA should try to hire doctors to reduce delays #trumpsterfire'
820500741068648449,2017-01-15 05:19:55,"b'RT @GeorgeTakei: If you or a loved one loses insurance coverage after they repeal the Affordable Care Act, remember that in 2018--and vote\xe2\x80\xa6'"
816394661468246016,2017-01-03 21:23:49,"b""@fryselectronics your Promocode emails R blowing up my inbox. Unsubscribe Doesn't work! 3-7 emails. A Day! And your support email-useless!"""
812685739985092609,2016-12-24 15:45:54,b'RT @AstroKatie: Want to help prevent global nuclear catastrophe? Go here and find out how to stop funding it: https://t.co/j6A0tGnwQe'
809727823720120320,2016-12-16 11:52:11,b'@SwedishCanary send them to DC'
809554166326693888,2016-12-16 00:22:08,b'@jchaltiwanger what about 1929?'
800092910578532353,2016-11-19 21:46:29,"b""I just earned the 'Crisp as Day' badge on @untappd! https://t.co/VDmHI3MFAA"""
800092905318846465,2016-11-19 21:46:28,"b""I just earned the 'Cheers To You! (Level 3)' badge on @untappd! https://t.co/aMvZt0UrU3"""
798497364076072964,2016-11-15 12:06:21,"b'@jchaltiwanger @washingtonpost yet, Trump called for protests in November, 2012 when Obama won..'"
793041379286982656,2016-10-31 10:46:13,b'RT @AstroKatie: Look I have studied advanced quantum field theory; calling me stupid for my political opinions on Twitter is significantly\xe2\x80\xa6'
792485826986999813,2016-10-29 21:58:39,"b""I just earned the 'Witch's Brew (2016)' badge on @untappd! https://t.co/czq4Hbpz0m #trickorbrew"""
791468069554102272,2016-10-27 02:34:27,"b""I just earned the 'Wheel of Styles' badge on @untappd! https://t.co/kje1lEq3HX"""
791468064688730112,2016-10-27 02:34:26,"b""I just earned the 'Land of the Free  (Level 18)' badge on @untappd! https://t.co/GNFI4pQlbk"""
790354877117530112,2016-10-24 00:51:01,"b""@TAUTIC so, that's where missing socks go....."""
785805408971595776,2016-10-11 11:33:03,"b'@AstroKatie @jameswest2010 he has no substance, so all he can do is intimidate her. Try to wreck her game'"
785327462062383104,2016-10-10 03:53:52,b'RT @oshpark: The PiAQ: Open Source Indoor Air Quality Sensor for @Raspberry_Pi by @CRTLabs \nhttps://t.co/TecLBAijcx cc @science_hackPDX via\xe2\x80\xa6'
785239971066155008,2016-10-09 22:06:12,"b""I just earned the 'I Believe in IPA!' badge on @untappd! https://t.co/N4OvmmTrUU #ibelieveinIPA"""
783126751845158912,2016-10-04 02:09:02,"b'RT @SwedishCanary: Sometimes Google should just come back with a message that says ""trust me, you don\'t want to know.""'"
775175829001269249,2016-09-12 03:34:54,b'@StartupMonkey there are Bluetooth versions. Even square has BT for the pin and chip version'
774982773140512768,2016-09-11 14:47:46,"b'@mybookbucket @NPRinskeep there\'s a difference between broad brushing ""half the voters"" and attacking specific instances #askmittromney'"
774964444233338880,2016-09-11 13:34:56,b'@waitwait except the four and a half other people who wanted brownies'
774960864927551488,2016-09-11 13:20:42,b'@mybookbucket @NPRinskeep better to let his supporters prove their actions than stoop to their level'
767339165151334400,2016-08-21 12:34:48,b'RT @YeardleySmith: Ep. 5 of #TheDailyRant VLOG. https://t.co/oRzZCDcfO6  Id like to say thanks to the guy @ Whole Foods for supplying today\xe2\x80\xa6'
766717815713849344,2016-08-19 19:25:46,b'@pdp7 @sync_channel kapton tape https://t.co/etMEnCmrHq'
766716154538823680,2016-08-19 19:19:10,"b'@pdp7 @sync_channel also, use kapton tape to protect surrounding components when doing rework. Borrow from 3d printer supplies or roll of 3m'"
766715708084551680,2016-08-19 19:17:24,"b'@pdp7 @sync_channel fwiw, I use solder mask cutout from @OSHStencils and hot air pencil. Much quicker for rework of those connectors'"
766715148602077184,2016-08-19 19:15:10,b'@pdp7 @sync_channel easy-peasy with the S4.'
766714126651523078,2016-08-19 19:11:07,"b""@pdp7 @sync_channel I tried T18-BL for fine pitch, but it seemed to not dump enough heat to the pins and couldn't get good solder flow. -S4&gt;"""
766713505168973825,2016-08-19 19:08:39,b'@pdp7 @sync_channel I also use the T18-C5 when soldering heavy duty heat sinks or tinning low awg cables. Seems to do magic for those tasks'
766705363521593344,2016-08-19 18:36:18,b'@sync_channel @pdp7 my favorite tip is the T18-S4. Shorter tip stays hot. Precision snub point better for 0204 and touching up QFN pads'
766704062247165956,2016-08-19 18:31:07,b'@pdp7 I use the same thing at work. Great iron for little green @HakkoUSA and #fx888d uses the same tips as 936.'
750532189125767168,2016-07-06 03:29:52,"b""I just earned the 'Lager Jack' badge on @untappd! https://t.co/0jKTuRvzbq"""
750532184256159746,2016-07-06 03:29:51,"b""I just earned the 'Bar Explorer (Level 11)' badge on @untappd! https://t.co/Kiz7Bra5nX"""
746664407426539520,2016-06-25 11:20:41,"b""@_kieranp @benrileysmith you obviously don't understand the poll results."""
733497013103435777,2016-05-20 03:18:10,"b'RT @AccordionGuy: The Trump campaign, in \xe2\x80\x9cStar Trek\xe2\x80\x9d terms:\nhttps://t.co/HZM0vyVYSL https://t.co/b3ZmauzIrA'"
732794573462863872,2016-05-18 04:46:55,b'RT @SwedishCanary: iPhone 7 is coming out in August If you want a sneak peek of the new iPhone take a look at your current iPhone and prete\xe2\x80\xa6'
731575779373555712,2016-05-14 20:03:52,"b""I just earned the 'Land of the Free  (Level 17)' badge on @untappd! https://t.co/CjFuhBFJi0"""
729880524953628672,2016-05-10 03:47:32,"b""RT @netik: Stop the language arguments. I don't care if your code is written in cuneiform. If it's bug free and works, #shipit https://t.co\xe2\x80\xa6"""
724064067363725312,2016-04-24 02:35:00,"b""I just earned the 'Brew Crawl' badge on @untappd! https://t.co/ZxOON91FA5"""
723925242880659457,2016-04-23 17:23:22,"b""I just earned the 'Bar Explorer (Level 10)' badge on @untappd! https://t.co/O3IB94g3dX"""
723925233695113217,2016-04-23 17:23:20,"b""I just earned the 'NC Beer Month (2016)' badge on @untappd! https://t.co/k0GNtFMWVt #NCBeerMonth"""
721173719184515076,2016-04-16 03:09:48,"b'@FozzTexx my beagles do the same, but much higher in pitch.'"
719361546669989888,2016-04-11 03:08:52,"b'@TAUTIC I also have used Ziplock bags on my iPad during car repairs.  No worry about grease getting all over it, no bulky manuals.'"
719361270764474369,2016-04-11 03:07:46,"b'@TAUTIC the Lifeproof cases have a soft plastic membrane over the fingerprint sensor, the phone is fully waterproof to a few feet deep..'"
715685178945970176,2016-03-31 23:40:18,"b""I just earned the 'Land of the Free  (Level 16)' badge on @untappd! https://t.co/Dz7vKjKUyR"""
715319794745090048,2016-03-30 23:28:23,"b""I just earned the 'Pale as the Moon (Level 2)' badge on @untappd! https://t.co/56YdBBFRfn"""
715319789829414912,2016-03-30 23:28:22,"b""I just earned the 'Taste Crazy' badge on @untappd! https://t.co/Ec0sA8otg8"""
715310850257629186,2016-03-30 22:52:51,"b""I just earned the 'Land of the Free  (Level 15)' badge on @untappd! https://t.co/6D3g8PtdeZ"""
715310845765554176,2016-03-30 22:52:50,"b""I just earned the 'Find the Source (Level 3)' badge on @untappd! https://t.co/dBNBPXljla"""
710546395187380224,2016-03-17 19:20:36,b'@element14 hand soldered every component with my trusty Hakko 936 using t15 tip. 0402 caps and resistors are a pain! https://t.co/vgbYCSbLNx'
710489308457779202,2016-03-17 15:33:46,b'@PumpingStation1 Tampa-bay based hacker in Chicago for 18hrs.  Is PS1 open for a visit?'
708456298036269056,2016-03-12 00:55:18,b'RT @SwedishCanary: I love this time of year... my car clock will finally be right again on Sunday.'
706347264634130432,2016-03-06 05:14:45,"b'@FozzTexx just an FYI, people can map and print a key from a picture, so be careful what keys you show.'"
705474359247314944,2016-03-03 19:26:08,"b""RT @elisewho: I like that Mitt Romney's back in the news so that we can share this again... #love https://t.co/6Yv9CdbBsz"""
705241700592185344,2016-03-03 04:01:38,"b""I just earned the 'Bar Explorer (Level 9)' badge on @untappd! https://t.co/sgKeDaqm9z"""
704519606480801792,2016-03-01 04:12:18,"b""I just earned the 'Leap Beer (2016)' badge on @untappd! https://t.co/JJFntKYiOx #leapyear"""
703420055300775936,2016-02-27 03:23:04,"b""I just earned the 'Land of the Free  (Level 14)' badge on @untappd! https://t.co/2gqXVt6Fpu"""
699391096993013760,2016-02-16 00:33:26,"b""I just earned the 'Heavy Weight (Level 2)' badge on @untappd! https://t.co/ySq0IY20df"""
695801909924532224,2016-02-06 02:51:17,"b""I just earned the 'Land of the Free  (Level 13)' badge on @untappd! https://t.co/L1FS1pArlc"""
695801903675023360,2016-02-06 02:51:15,"b""I just earned the 'Drinking Your Paycheck' badge on @untappd! https://t.co/riS5EOCwHP"""
694390858569928705,2016-02-02 05:24:16,"b""RT @clayaiken: Hey @realDonaldTrump, remember that time you made me come in 2nd place? Doesn't feel good does it? \xf0\x9f\x98\x89 I do still love ya, but\xe2\x80\xa6"""
694383912961863680,2016-02-02 04:56:40,"b'RT @jessicahagy: ""So we\'re looking for a man-sized horned lizard with human teeth?"" Mulder sums up the GOP race.'"
694381932780654592,2016-02-02 04:48:48,b'RT @theharryshearer: Trump says he may buy a farm in Iowa.   Tonight he already did.'
694381791092826112,2016-02-02 04:48:14,"b""RT @Patterico: I didn't see it. Did he mention that he lost? Which makes him a LOSER? Just wondering. https://t.co/xtDKk5lu3A"""
694381574092132352,2016-02-02 04:47:22,b'RT @RedMountainMake: Upcycle a Microwave into a Spot Welder | Make: https://t.co/ygjTweWoIf'
694379693164883969,2016-02-02 04:39:54,b'RT @Chari_S: Looks like the dislike vote won. #IowaCaucus'
693594939217805313,2016-01-31 00:41:34,"b""I just earned the 'Land of the Free  (Level 12)' badge on @untappd! https://t.co/PTqylaM1bR"""
693594933089931264,2016-01-31 00:41:33,"b""I just earned the 'Bar Explorer (Level 8)' badge on @untappd! https://t.co/uThOsN18Ta"""
683107579866824704,2016-01-02 02:08:33,"b""I just earned the 'Land of the Free  (Level 11)' badge on @untappd! https://t.co/ivqGYk39n8"""
683107573306945536,2016-01-02 02:08:31,"b""I just earned the 'Happy Brew Year (2016)' badge on @untappd! https://t.co/p0hY2YBunR #brewyear"""
678817511077449728,2015-12-21 06:01:21,b'RT @MJSchulman: Has Steve Harvey REALLY been telling us what the survey says all these years?'
678817254012821504,2015-12-21 06:00:19,"b""@hellokerra if only life, and love, were that simple.  It really should be! But it isn't :("""
676574770457014272,2015-12-15 01:29:30,"b'RT @ROV_Erica: Renaming this month #Deculy.  Covers decorations, December and July weather.  Follows #Novugust at least its less humid!'"
676574530601549825,2015-12-15 01:28:32,b'RT @weird_sci: Well played. https://t.co/vaDy8Uy2Kh'
675161100573401093,2015-12-11 03:52:04,"b""@TB_Times if Rick Scott can't condemn @therealtrump over xenophobia, that surely means he closet supports it."""
672600686006288385,2015-12-04 02:17:54,"b""I just earned the 'Find the Source (Level 2)' badge on @untappd! https://t.co/ZWh0OwL5R9"""
671198311962034176,2015-11-30 05:25:22,"b""RT @rajivscribe: Guess Who's Helping Seattle's Homeless Veterans? Syrian Refugees  https://t.co/YLe1zxZo7q"""
670929306722435072,2015-11-29 11:36:26,b'@hellokerra I know you well enough to not believe that ;)'
670337552193318912,2015-11-27 20:25:01,b'@LouisSzemesi even Louis has gone and gotten twitterpated..'
670265338177679360,2015-11-27 15:38:04,b'@MityMo thank the great governor for budget cuts to #parksandrecreation'
663495166943170560,2015-11-08 23:15:49,"b""I just earned the 'Bar Explorer (Level 7)' badge on @untappd! https://t.co/OLsCMVWoXF"""
662843512669515776,2015-11-07 04:06:23,b'@FozzTexx have you tried octoprint yet?'
659503108960206848,2015-10-28 22:52:48,"b""I just earned the 'Land of the Free (Level 10)' badge on @untappd! https://t.co/x2dDcOJlpQ"""
659503103251718144,2015-10-28 22:52:47,"b""I just earned the 'Heavy Weight' badge on @untappd! https://t.co/DYHlqXid2C"""
659181374989930496,2015-10-28 01:34:21,"b'RT @CassandraRules: We may be super divided politically right now, but at least we can all come together to laugh at @MartinShkreli http://\xe2\x80\xa6'"
658689972501893121,2015-10-26 17:01:41,"b""I just earned the 'Journeyman' badge on @untappd! https://t.co/SsntguBxiE"""
658687698937454593,2015-10-26 16:52:39,"b""I just earned the 'Land of the Free (Level 9)' badge on @untappd! https://t.co/Pk4FWlxS8M"""
658687427113041920,2015-10-26 16:51:35,"b""I just earned the 'Brew Traveler' badge on @untappd! https://t.co/LET8jj6w0A"""
657077727372120064,2015-10-22 06:15:12,"b""I just earned the 'Untappd 5th Anniversary' badge on @untappd! https://t.co/rj8xhjVTjz #ut5th"""
654767170597969921,2015-10-15 21:13:53,"b""RT @engadget: Bet you can't tell whether or not the girl in this picture is real http://t.co/rQoKUH7S0l http://t.co/9giFhvvyag"""
654766463887130625,2015-10-15 21:11:04,b'RT @joy_randels: #StartupGrind will be there too with @JasonNicosia1 of @RevelryLabs  https://t.co/Cysyafpivz'
653881912478593024,2015-10-13 10:36:11,"b'RT @MkHeck: ""If you don\'t experiment before you put things into production, production is always an experiment.""\nhttp://t.co/i5wxoPzEBj\n/ @\xe2\x80\xa6'"
650793526549217280,2015-10-04 22:04:02,"b""I just earned the 'Land of the Free (Level 8)' badge on @untappd! http://t.co/EKrUr9rNtA"""
650793521104977920,2015-10-04 22:04:01,"b""I just earned the 'Bar Explorer (Level 6)' badge on @untappd! http://t.co/1SmCF08cww"""
649024047586668544,2015-09-30 00:52:45,"b'RT @jk_rowling: ""Each time a woman stands up for herself... she stands up for all women."" Maya Angelou. https://t.co/LSZGaYlPQw'"
647593138647891969,2015-09-26 02:06:50,"b""@hellokerra I'll be away a week, then back. Maybe our paths can still cross"""
647592390765768705,2015-09-26 02:03:52,"b""@hellokerra that's the most important, and attractive part."""
647592070635495424,2015-09-26 02:02:35,"b""@hellokerra sweet.  I'm in town all next week."""
647257053396881408,2015-09-25 03:51:21,b'@hellokerra where to now?'
645507767944417280,2015-09-20 08:00:19,b'@FozzTexx nvidia?'
642274413526839296,2015-09-11 09:52:07,"b""I just earned the 'Beer Connoisseur' badge on @untappd! http://t.co/kYtkQUKQbB"""
642218356209225728,2015-09-11 06:09:22,"b'@united ua79 EWR-NRT when did you start skimping on meals for international?  11 hours between first and last meal, used to be 3 meals not 2'"
641802771486875649,2015-09-10 02:37:59,b'I just registered for BarCamp Tampa Bay 2015 via @teameventjoy http://t.co/eARauNaKuv'
641424060774260736,2015-09-09 01:33:07,b'Glad everyone got off safely and that it occurred on the runway\n https://t.co/HfV62Oy0s1'
641423421033816064,2015-09-09 01:30:35,b'@SpunkyAmberRae Spunky... I like it! :)'
640722911356186624,2015-09-07 03:07:00,"b'RT @AnandWrites: 70 yrs. after 1945, Americans are debating how to mass-deport 11 million residents, while Germans are welcoming 800,000 po\xe2\x80\xa6'"
639848755320213504,2015-09-04 17:13:25,b'RT @instructables: Wireless Car Parking Alarm: Designed to keep bumpers from bumping in the night.  http://t.co/xQkJkvw0na http://t.co/Zlcl\xe2\x80\xa6'
637800886971011072,2015-08-30 01:35:55,"b""@michaudhope1 @RandyS773 looking forward to round 2..  3 pun'kins ale :)"""
637658847230971905,2015-08-29 16:11:30,"b'@ROV_Erica took a while to accumulate, but I have 20 jugs. And a good appreciation of organic apple cider ;)'"
637657906675060738,2015-08-29 16:07:46,"b'@ROV_Erica glass apple juice jars, fill then boil/sterilize, recap'"
637657408647655424,2015-08-29 16:05:47,b'@LordSteve Tom Waits for no one!'
634420630717206528,2015-08-20 17:43:59,"b""RT @POTUS: President Carter is as good a man as they come. Michelle and I are praying for him and Rosalynn. We're all pulling for you, Jimm\xe2\x80\xa6"""
634420446109134848,2015-08-20 17:43:15,b'RT @Kriseman: I have signed an Executive Order related to sustainability in #StPete.   https://t.co/Qkpee9X4te @usmayors #SunShinesHere #cl\xe2\x80\xa6'
634420388764647424,2015-08-20 17:43:02,b'RT @MailChimp: We studied 24 billion emails and learned that a single word in a subject line can have a big impact. http://t.co/fsK0pr61RY'
633034324741328896,2015-08-16 21:55:18,"b""I just earned the 'Keep Your Wits About You' badge on @untappd! http://t.co/xv7IvArG4q"""
631532173162622976,2015-08-12 18:26:18,b'@SimonAcePursall @KariByron people often look at me weird as i put on ear protection where they use none.  I lost enough sensitivity already'
630177383795040256,2015-08-09 00:42:51,"b""I just earned the 'Trip to the Farm' badge on @untappd! http://t.co/ErpOhZC6fh"""
630177378405322753,2015-08-09 00:42:49,"b""I just earned the 'Land of the Free (Level 7)' badge on @untappd! http://t.co/bVv2R1uu5B"""
629850769907429376,2015-08-08 03:05:00,b'@SocialinTampa so Fla Gov Rick Scott pays $700k of taxpayer money and gets to keep hiding his illegal email activity?'
629450537730224128,2015-08-07 00:34:37,"b""I just earned the 'Bar Explorer (Level 5)' badge on @untappd! http://t.co/s2oAutHg0z"""
628790804740481024,2015-08-05 04:53:04,b'RT @annfriedman: Pie chart: Why are we so eager to defund Planned Parenthood? http://t.co/B3fqQW76oB http://t.co/7VcrrwzL4G'
628351566999912448,2015-08-03 23:47:42,"b""I just earned the 'Photogenic Brew' badge on @untappd! http://t.co/MfcPP8VNzt"""
628351561534734336,2015-08-03 23:47:41,"b""I just earned the 'Pucker Up' badge on @untappd! http://t.co/Ga2aHMy5K9"""
627682996812910592,2015-08-02 03:31:02,b'RT @BobBuckhorn: The Gandy Bridge is closed due to flooding at Westshore. You will not be able to enter or exit Tampa from the... http://t.\xe2\x80\xa6'
626907028284383232,2015-07-31 00:07:37,"b""I just earned the 'Land of the Free (Level 6)' badge on @untappd! http://t.co/MRsGUAoROV"""
624190802890129409,2015-07-23 12:14:18,"b'RT @GeorgeTakei: Axanar- the first independent Star Trek film is close to reaching its goals. Support here, and as always #LLAP http://t.co\xe2\x80\xa6'"
624189436033536000,2015-07-23 12:08:53,"b'@thatgirlallie hang in there, the weekend is near!'"
624189187885920256,2015-07-23 12:07:53,"b'@KikiSchirr there are a lot of great international bands, and one need not speak the language to appreciate it :)'"
624188604454014976,2015-07-23 12:05:34,"b'@SwedishCanary this picture was taken a few blocks from my house at Mazzarros in St. Pete, Fl'"
624188076290486272,2015-07-23 12:03:28,b'RT @FarnellNews: BMW introduces convenient charging system for electric cars http://t.co/oSYoasnMfq'
623590295809204224,2015-07-21 20:28:06,b'How baby carrots are made http://t.co/YJH1AFT2ml'
623446469941567488,2015-07-21 10:56:36,b'RT @SwedishCanary: This getting older thing really sucks. My eyes are so bad I have to buy large font alphabet soup.'
623446387829698560,2015-07-21 10:56:16,b'RT @SwedishCanary: Scrolling to find my birth year on websites is getting uncomfortably long.'
623289939430653952,2015-07-21 00:34:36,"b""RT @marcwilmore: I can't criticize Trump because we both avoided Vietnam. He spent the late 60's getting deferments and I spent the late 60\xe2\x80\xa6"""
623289412907048960,2015-07-21 00:32:30,"b""RT @benheck: I'm expecting New Horizons to send photos of Matt Damon next, as he is always finding himself stuck on planets."""
623287605308862464,2015-07-21 00:25:19,"b'RT @tech_faq: There are two types of people in this world, those who can extrapolate from incomplete data.'"
623287065040564224,2015-07-21 00:23:11,b'@vensyprops quiet keyboards beget significant typos and missed keystrokes. #longlivemodelM'
623179096856633345,2015-07-20 17:14:09,b'RT @3DBrewing: We are currently in 122 publix stores and continuing our Rod Bender Red rollout throughout the state.\xe2\x80\xa6 https://t.co/4RHAQX8J\xe2\x80\xa6'
622809860032303104,2015-07-19 16:46:56,"b'RT @suzie_rose: @donttrythis Holding Jamie\'s beret? You now have DNA for ""Jurassic World: Revenge of the Hyneman""\n\n#MythBusters'"
622809739186061312,2015-07-19 16:46:27,b'RT @JamieNoTweet: .@donttrythis Jamie want big boom.'
622809518112665600,2015-07-19 16:45:35,b'Only through failure can we learn. https://t.co/o2wclr03wy'
622614693060939776,2015-07-19 03:51:25,"b'@petersagal He just forgot to mention the ""pound""ing came later'"
622545038317326337,2015-07-18 23:14:38,"b'@duhproject @FozzTexx if they could talk, they would claim animal abuse for starvation'"
622543737403613184,2015-07-18 23:09:27,b'@duhproject @FozzTexx no probably on that for mine.  Always cleaning up a collection of select grass blades they decided not to digest'
622502473966743552,2015-07-18 20:25:29,b'RT @TUSK81: Trump: MEXICANS ARE RAPISTS\n\nGOP: *crickets*\n\nTRUMP: About McCain...\n\nGOP: WHOA HOLD ON THERE BUDDY'
622487301134925824,2015-07-18 19:25:12,"b'@FozzTexx if I put that much food, my dogs would burst at seams.  1/2 c 2x dly beagle #1, 3/4c beagle #2. Even empty bowls licked clean'"
622485074206965762,2015-07-18 19:16:21,"b'@FozzTexx I never have problem with empty bowl.. Dogs lick up every single molecule, taking 10 minutes to do so..'"
622484059806134272,2015-07-18 19:12:19,b'@FozzTexx what about a precision pin switch that lifts up bowl when nearly empty?'
622483549631971328,2015-07-18 19:10:18,"b'@FozzTexx even better, weigh the container holding bulk food and isolate from dispenser/bowl weight'"
622483268793974784,2015-07-18 19:09:11,"b""@FozzTexx even if dispensed when dog is eating, he's diving in 4 mouthful then backing away. Likely plenty of lull time to take measurement"""
622482532530040832,2015-07-18 19:06:15,"b""@FozzTexx what's the dispenser method?  Corkscrew or rotating cup?"""
622481671321976832,2015-07-18 19:02:50,b'@FozzTexx you could use a moving average and toss major deviations..'
622480744099782657,2015-07-18 18:59:09,"b""RT @laurenist: Based on what Trump believes about POWs' sacrifices, I wonder how he feels about service members who were wounded or killed \xe2\x80\xa6"""
622475282365198336,2015-07-18 18:37:27,"b'RT @NPRinskeep: This article argues Trump poses as a truth teller, but his truths change with the moment. http://t.co/Q6cqZJyFcR\n https://t\xe2\x80\xa6'"
622473020117004288,2015-07-18 18:28:27,"b'@AP @realDonaldTrump is so vocal about ""dealing"" with foreign adversaries, he should enlist now. He\'d be more effective on front line.'"
622190670372032512,2015-07-17 23:46:30,b'RT @rainnwilson: Thich Nhat Hanh Solo'
622142031280898048,2015-07-17 20:33:13,"b'Where\'s the ""Hellz No"" option? https://t.co/wmccp3Phf7'"
622006615668035584,2015-07-17 11:35:08,"b'RT @SwedishCanary: So Donald Duck never wore pants, but when he got out of the shower he wrapped a towel around his waist? http://t.co/rO9y\xe2\x80\xa6'"
621884768104411136,2015-07-17 03:30:57,b'RT @eevblog: EEVblog #768 \xe2\x80\x93 Cordless Anti-Static Wristbands BUSTED! http://t.co/OgNAafbQiD'
621503579665367041,2015-07-16 02:16:15,b'@eevblog and they probably charge a fee to see a human'
621286191036526592,2015-07-15 11:52:25,"b""RT @SwedishCanary: I love the grocery store. It's the one place where someone always ends up checking me out."""
621282922637733888,2015-07-15 11:39:26,"b""@SwedishCanary what about that funk on top of Donald Trump's skullcap? Doesn't fit any of those."""
621282531149803520,2015-07-15 11:37:52,"b'RT @AP: ""Online safe zones"" at US police stations designed to help clamp down on crime associated with online trade: http://t.co/ES3L7neObq'"
620992695440408576,2015-07-14 16:26:10,"b'RT @Annelle_Ocean: 11 photos, 28 minutes.. the moon rising over Los Angeles http://t.co/HzzRkUDPt5'"
